func_name, func_id, global_name
"addr_insert_hidden", 306, "body"
"addr_insert_hidden", 306, "subject"
"addr_insert_hidden", 306, "send_to"
"addr_insert_hidden", 306, "send_to_cc"
"addr_insert_hidden", 306, "send_to_bcc"
"addr_insert_hidden", 306, "mailbox"
"addr_insert_hidden", 306, "mailprio"
"addr_insert_hidden", 306, "request_mdn"
"addr_insert_hidden", 306, "request_dr"
"addr_insert_hidden", 306, "identity"
"addr_insert_hidden", 306, "session"
"addr_insert_hidden", 306, "composeMessage"
"addr_display_result", 498, "color"
"addr_display_result", 498, "javascript_on"
"addr_display_result", 498, "PHP_SELF"
"addr_display_result", 498, "squirrelmail_language"
"addressbook_inp_field", 2096, "color"
"address_form", 2204, "color"
"address_form", 2204, "squirrelmail_language"
"list_writable_backends", 2513, "color"
"list_writable_backends", 2513, "abook"
"ShowIdentityInfo", 8263, "color"
"sti_input", 8673, NULL
"sti_textarea", 8747, NULL
"replyAllString", 9460, "include_self_reply_all"
"replyAllString", 9460, "username"
"replyAllString", 9460, "data_dir"
"replyAllString", 9460, "idents"
"getReplyCitation", 9606, "reply_citation_style"
"getReplyCitation", 9606, "reply_citation_start"
"getReplyCitation", 9606, "reply_citation_end"
"getforwardHeader", 9826, "editor_size"
"newMail", 11975, "editor_size"
"newMail", 11975, "default_use_priority"
"newMail", 11975, "body"
"newMail", 11975, "idents"
"newMail", 11975, "use_signature"
"newMail", 11975, "composesession"
"newMail", 11975, "data_dir"
"newMail", 11975, "username"
"newMail", 11975, "key"
"newMail", 11975, "imapServerAddress"
"newMail", 11975, "imapPort"
"newMail", 11975, "composeMessage"
"newMail", 11975, "body_quote"
"newMail", 11975, "strip_sigs"
"newMail", 11975, "languages"
"newMail", 11975, "squirrelmail_language"
"newMail", 11975, "default_charset"
"getAttachments", 13803, "attachment_dir"
"getAttachments", 13803, "username"
"getAttachments", 13803, "data_dir"
"getAttachments", 13803, "squirrelmail_language"
"getAttachments", 13803, "languages"
"getMessage_RFC822_Attachment", 14216, "attachment_dir"
"getMessage_RFC822_Attachment", 14216, "username"
"getMessage_RFC822_Attachment", 14216, "data_dir"
"getMessage_RFC822_Attachment", 14216, "uid_support"
"showInputForm", 14437, "send_to"
"showInputForm", 14437, "send_to_cc"
"showInputForm", 14437, "body"
"showInputForm", 14437, "startMessage"
"showInputForm", 14437, "attachments"
"showInputForm", 14437, "session_expired"
"showInputForm", 14437, "passed_body"
"showInputForm", 14437, "color"
"showInputForm", 14437, "use_signature"
"showInputForm", 14437, "signature"
"showInputForm", 14437, "prefix_sig"
"showInputForm", 14437, "editor_size"
"showInputForm", 14437, "editor_height"
"showInputForm", 14437, "subject"
"showInputForm", 14437, "newmail"
"showInputForm", 14437, "use_javascript_addr_book"
"showInputForm", 14437, "send_to_bcc"
"showInputForm", 14437, "passed_id"
"showInputForm", 14437, "mailbox"
"showInputForm", 14437, "from_htmladdr_search"
"showInputForm", 14437, "location_of_buttons"
"showInputForm", 14437, "attachment_dir"
"showInputForm", 14437, "username"
"showInputForm", 14437, "data_dir"
"showInputForm", 14437, "identity"
"showInputForm", 14437, "idents"
"showInputForm", 14437, "draft_id"
"showInputForm", 14437, "delete_draft"
"showInputForm", 14437, "mailprio"
"showInputForm", 14437, "default_use_mdn"
"showInputForm", 14437, "mdn_user_support"
"showInputForm", 14437, "compose_new_win"
"showInputForm", 14437, "saved_draft"
"showInputForm", 14437, "mail_sent"
"showInputForm", 14437, "sig_first"
"showInputForm", 14437, "edit_as_new"
"showInputForm", 14437, "action"
"showInputForm", 14437, "composesession"
"showInputForm", 14437, "default_charset"
"showInputForm", 14437, "composeMessage"
"showInputForm", 14437, "javascript_on"
"showInputForm", 14437, "compose_onsubmit"
"showComposeButtonRow", 16375, "use_javascript_addr_book"
"showComposeButtonRow", 16375, "save_as_draft"
"showComposeButtonRow", 16375, "default_use_priority"
"showComposeButtonRow", 16375, "mailprio"
"showComposeButtonRow", 16375, "default_use_mdn"
"showComposeButtonRow", 16375, "request_mdn"
"showComposeButtonRow", 16375, "request_dr"
"showComposeButtonRow", 16375, "data_dir"
"showComposeButtonRow", 16375, "username"
"checkInput", 16674, "body"
"checkInput", 16674, "send_to"
"checkInput", 16674, "send_to_cc"
"checkInput", 16674, "send_to_bcc"
"checkInput", 16674, "subject"
"checkInput", 16674, "color"
"saveAttachedFiles", 16768, "_FILES"
"saveAttachedFiles", 16768, "attachment_dir"
"saveAttachedFiles", 16768, "username"
"saveAttachedFiles", 16768, "data_dir"
"saveAttachedFiles", 16768, "composeMessage"
"getByteSize", 16940, NULL
"deliverMessage", 17044, "send_to"
"deliverMessage", 17044, "send_to_cc"
"deliverMessage", 17044, "send_to_bcc"
"deliverMessage", 17044, "mailprio"
"deliverMessage", 17044, "subject"
"deliverMessage", 17044, "body"
"deliverMessage", 17044, "username"
"deliverMessage", 17044, "popuser"
"deliverMessage", 17044, "usernamedata"
"deliverMessage", 17044, "identity"
"deliverMessage", 17044, "idents"
"deliverMessage", 17044, "data_dir"
"deliverMessage", 17044, "request_mdn"
"deliverMessage", 17044, "request_dr"
"deliverMessage", 17044, "default_charset"
"deliverMessage", 17044, "color"
"deliverMessage", 17044, "useSendmail"
"deliverMessage", 17044, "domain"
"deliverMessage", 17044, "action"
"deliverMessage", 17044, "default_move_to_sent"
"deliverMessage", 17044, "move_to_sent"
"deliverMessage", 17044, "imapServerAddress"
"deliverMessage", 17044, "imapPort"
"deliverMessage", 17044, "sent_folder"
"deliverMessage", 17044, "key"
"deliverMessage", 17044, "passed_id"
"deliverMessage", 17044, "passed_ent_id"
"deliverMessage", 17044, "smtpServerAddress"
"deliverMessage", 17044, "smtpPort"
"deliverMessage", 17044, "pop_before_smtp"
"deliverMessage", 17044, "pop_before_smtp_host"
"deliverMessage", 17044, "sendmail_path"
"deliverMessage", 17044, "sendmail_args"
"deliverMessage", 17044, "draft_folder"
"deliverMessage", 17044, "mailbox"
"s_opt", 18815, NULL
"get_recent", 18856, NULL
"get_saved", 18957, NULL
"update_recent", 19052, NULL
"forget_recent", 19321, NULL
"delete_saved", 19482, NULL
"save_recent", 19652, NULL
"printSearchMessages", 19812, "sort"
"printSearchMessages", 19812, "color"
"printSearchMessages", 19812, "allow_server_sort"
"printSearchMessages", 19812, "allow_server_thread"
"findNextMessage", 23524, "msort"
"findNextMessage", 23524, "msgs"
"findNextMessage", 23524, "sort"
"findNextMessage", 23524, "thread_sort_messages"
"findNextMessage", 23524, "allow_server_sort"
"findNextMessage", 23524, "server_sort_array"
"findPreviousMessage", 23725, "msort"
"findPreviousMessage", 23725, "sort"
"findPreviousMessage", 23725, "msgs"
"findPreviousMessage", 23725, "thread_sort_messages"
"findPreviousMessage", 23725, "allow_server_sort"
"findPreviousMessage", 23725, "server_sort_array"
"printer_friendly_link", 23918, "javascript_on"
"ServerMDNSupport", 24076, NULL
"SendMDN", 24100, "username"
"SendMDN", 24100, "attachment_dir"
"SendMDN", 24100, "color"
"SendMDN", 24100, "default_move_to_sent"
"SendMDN", 24100, "version"
"SendMDN", 24100, "attachments"
"SendMDN", 24100, "squirrelmail_language"
"SendMDN", 24100, "default_charset"
"SendMDN", 24100, "languages"
"SendMDN", 24100, "useSendmail"
"SendMDN", 24100, "domain"
"SendMDN", 24100, "sent_folder"
"SendMDN", 24100, "popuser"
"SendMDN", 24100, "data_dir"
"SendMDN", 24100, "sendmail_path"
"SendMDN", 24100, "sendmail_args"
"SendMDN", 24100, "smtpServerAddress"
"SendMDN", 24100, "smtpPort"
"SendMDN", 24100, "pop_before_smtp"
"SendMDN", 24100, "pop_before_smtp_host"
"ToggleMDNflag", 25379, NULL
"formatRecipientString", 25448, "show_more_cc"
"formatRecipientString", 25448, "show_more"
"formatRecipientString", 25448, "show_more_bcc"
"formatRecipientString", 25448, "PHP_SELF"
"formatEnvheader", 25735, "default_use_mdn"
"formatEnvheader", 25735, "default_use_priority"
"formatEnvheader", 25735, "show_xmailer_default"
"formatEnvheader", 25735, "mdn_user_support"
"formatEnvheader", 25735, "PHP_SELF"
"formatEnvheader", 25735, "javascript_on"
"formatEnvheader", 25735, "squirrelmail_language"
"formatMenubar", 26329, "base_uri"
"formatMenubar", 26329, "draft_folder"
"formatMenubar", 26329, "where"
"formatMenubar", 26329, "what"
"formatMenubar", 26329, "color"
"formatMenubar", 26329, "sort"
"formatMenubar", 26329, "startMessage"
"formatMenubar", 26329, "PHP_SELF"
"formatMenubar", 26329, "save_as_draft"
"formatMenubar", 26329, "enable_forward_as_attachment"
"formatToolbar", 27454, "base_uri"
"formatToolbar", 27454, "where"
"formatToolbar", 27454, "what"
"formatToolbar", 27454, "download_and_unsafe_link"
"parse_viewheader", 29747, "uid_support"
"view_header", 30165, NULL
"get_info", 30915, NULL
"formatMailboxName", 32448, "folder_prefix"
"formatMailboxName", 32448, "trash_folder"
"formatMailboxName", 32448, "sent_folder"
"formatMailboxName", 32448, "color"
"formatMailboxName", 32448, "move_to_sent"
"formatMailboxName", 32448, "move_to_trash"
"formatMailboxName", 32448, "unseen_notify"
"formatMailboxName", 32448, "unseen_type"
"formatMailboxName", 32448, "collapse_folders"
"formatMailboxName", 32448, "draft_folder"
"formatMailboxName", 32448, "save_as_draft"
"formatMailboxName", 32448, "use_special_folder_color"
"compute_folder_children", 32877, "boxes"
"compute_folder_children", 32877, "data_dir"
"compute_folder_children", 32877, "username"
"compute_folder_children", 32877, "collapse_folders"
"create_collapse_link", 33088, "boxes"
"create_collapse_link", 33088, "imapConnection"
"create_collapse_link", 33088, "unseen_notify"
"create_collapse_link", 33088, "color"
"create_unseen_string", 33171, "boxes"
"create_unseen_string", 33171, "unseen_type"
"create_unseen_string", 33171, "color"
"create_unseen_string", 33171, "unseen_cum"
"is_parent_box", 33508, "delimiter"
"do_err", 34556, "IND"
"pf_clean_string", 37956, "data_dir"
"pf_clean_string", 37956, "username"
"pf_show_attachments", 38155, "where"
"pf_show_attachments", 38155, "what"
"pf_show_attachments", 38155, "startMessage"
"pf_show_attachments", 38155, "color"
"pf_show_attachments", 38155, "passed_ent_id"
"process_optionmode_submit", 39450, NULL
"process_optionmode_link", 39518, NULL
"print_optionpages_row", 39529, "color"
"insert_javascript", 42267, NULL
"display_result", 42277, "color"
"attachment_common_parse", 46705, "attachment_common_types"
"attachment_common_parse", 46705, "attachment_common_types_parsed"
"oh_opt", 46948, NULL
"attachSelectedMessages", 49971, "username"
"attachSelectedMessages", 49971, "attachment_dir"
"attachSelectedMessages", 49971, "startMessage"
"attachSelectedMessages", 49971, "data_dir"
"attachSelectedMessages", 49971, "composesession"
"attachSelectedMessages", 49971, "uid_support"
"attachSelectedMessages", 49971, "mailbox"
"attachSelectedMessages", 49971, "msgs"
"attachSelectedMessages", 49971, "thread_sort_messages"
"attachSelectedMessages", 49971, "allow_server_sort"
"attachSelectedMessages", 49971, "show_num"
"attachSelectedMessages", 49971, "compose_messages"
"load_optpage_data_display", 54269, "theme"
"load_optpage_data_display", 54269, "language"
"load_optpage_data_display", 54269, "languages"
"load_optpage_data_display", 54269, "js_autodetect_results"
"load_optpage_data_display", 54269, "compose_new_win"
"load_optpage_data_display", 54269, "default_use_mdn"
"load_optpage_data_display", 54269, "squirrelmail_language"
"load_optpage_data_display", 54269, "allow_thread_sort"
"load_optpage_data_display", 54269, "optmode"
"save_option_theme", 55908, "theme"
"save_option_javascript_autodetect", 55990, "data_dir"
"save_option_javascript_autodetect", 55990, "username"
"save_option_reply_prefix", 56075, "data_dir"
"save_option_reply_prefix", 56075, "username"
"save_option_reply_prefix", 56075, "new_javascript_setting"
"load_optpage_data_personal", 56159, "data_dir"
"load_optpage_data_personal", 56159, "username"
"load_optpage_data_personal", 56159, "edit_identity"
"load_optpage_data_personal", 56159, "edit_name"
"load_optpage_data_personal", 56159, "full_name"
"load_optpage_data_personal", 56159, "reply_to"
"load_optpage_data_personal", 56159, "email_address"
"load_optpage_data_personal", 56159, "signature"
"load_optpage_data_personal", 56159, "tzChangeAllowed"
"load_optpage_data_personal", 56159, "color"
"save_option_signature", 57009, "data_dir"
"save_option_signature", 57009, "username"
"load_optpage_data_folder", 57074, "username"
"load_optpage_data_folder", 57074, "key"
"load_optpage_data_folder", 57074, "imapServerAddress"
"load_optpage_data_folder", 57074, "imapPort"
"load_optpage_data_folder", 57074, "folder_prefix"
"load_optpage_data_folder", 57074, "default_folder_prefix"
"load_optpage_data_folder", 57074, "show_prefix_option"
"save_option_trash_folder", 58187, "data_dir"
"save_option_trash_folder", 58187, "username"
"save_option_sent_folder", 58264, "data_dir"
"save_option_sent_folder", 58264, "username"
"save_option_draft_folder", 58341, "data_dir"
"save_option_draft_folder", 58341, "username"
"filters_SaveCache", 61119, "data_dir"
"filters_SaveCache", 61119, "SpamFilters_DNScache"
"filters_LoadCache", 61290, "data_dir"
"filters_LoadCache", 61290, "SpamFilters_DNScache"
"filters_bulkquery", 61403, "SpamFilters_YourHop"
"filters_bulkquery", 61403, "attachment_dir"
"filters_bulkquery", 61403, "username"
"filters_bulkquery", 61403, "SpamFilters_DNScache"
"filters_bulkquery", 61403, "SpamFilters_BulkQuery"
"filters_bulkquery", 61403, "SpamFilters_CacheTTL"
"start_filters", 61929, "mailbox"
"start_filters", 61929, "imapServerAddress"
"start_filters", 61929, "imapPort"
"start_filters", 61929, "imap"
"start_filters", 61929, "imap_general"
"start_filters", 61929, "filters"
"start_filters", 61929, "imap_stream"
"start_filters", 61929, "imapConnection"
"start_filters", 61929, "UseSeparateImapConnection"
"start_filters", 61929, "AllowSpamFilters"
"user_filters", 62177, "data_dir"
"user_filters", 62177, "username"
"filter_search_and_delete", 62397, "languages"
"filter_search_and_delete", 62397, "squirrelmail_language"
"filter_search_and_delete", 62397, "allow_charset_search"
"filter_search_and_delete", 62397, "uid_support"
"filter_search_and_delete", 62397, "imap_server_type"
"spam_filters", 62805, "data_dir"
"spam_filters", 62805, "username"
"spam_filters", 62805, "uid_support"
"spam_filters", 62805, "SpamFilters_YourHop"
"spam_filters", 62805, "SpamFilters_DNScache"
"spam_filters", 62805, "SpamFilters_SharedCache"
"spam_filters", 62805, "SpamFilters_BulkQuery"
"filters_spam_check_site", 63424, "SpamFilters_DNScache"
"filters_spam_check_site", 63424, "SpamFilters_CacheTTL"
"load_filters", 63619, "data_dir"
"load_filters", 63619, "username"
"load_spam_filters", 63718, "data_dir"
"load_spam_filters", 63718, "username"
"load_spam_filters", 63718, "SpamFilters_ShowCommercial"
"remove_filter", 65282, "data_dir"
"remove_filter", 65282, "username"
"filter_swap", 65347, "data_dir"
"filter_swap", 65347, "username"
"update_for_folder", 65434, "plugins"
"update_for_folder", 65434, "data_dir"
"update_for_folder", 65434, "username"
"do_error", 65609, "color"
"Mail_Fetch_Status", 65727, NULL
"squirrelmail_plugin_init_mail_fetch", 67536, "squirrelmail_plugin_hooks"
"mail_fetch_link", 67594, NULL
"mail_fetch_load_pref", 67614, "data_dir"
"mail_fetch_load_pref", 67614, "mailfetch_server_number"
"mail_fetch_load_pref", 67614, "mailfetch_cypher"
"mail_fetch_load_pref", 67614, "mailfetch_port_"
"mail_fetch_load_pref", 67614, "mailfetch_server_"
"mail_fetch_load_pref", 67614, "mailfetch_alias_"
"mail_fetch_load_pref", 67614, "mailfetch_user_"
"mail_fetch_load_pref", 67614, "mailfetch_pass_"
"mail_fetch_load_pref", 67614, "mailfetch_lmos_"
"mail_fetch_load_pref", 67614, "mailfetch_uidl_"
"mail_fetch_load_pref", 67614, "mailfetch_login_"
"mail_fetch_load_pref", 67614, "mailfetch_fref_"
"mail_fetch_load_pref", 67614, "PHP_SELF"
"mail_fetch_login", 67916, "data_dir"
"mail_fetch_login", 67916, "imapServerAddress"
"mail_fetch_login", 67916, "imapPort"
"mail_fetch_setnew", 68902, "data_dir"
"mailfetch_optpage_register_block", 68938, "optpage_blocks"
"mail_fetch_folderact", 68976, "username"
"mail_fetch_folderact", 68976, "data_dir"
"validate_mail_fetch_port_number", 69140, "mail_fetch_allowable_ports"
"validate_mail_fetch_server_address", 69222, "mail_fetch_block_server_pattern"
"hex2bin", 69303, NULL
"mf_keyED", 69369, "MF_TIT"
"encrypt", 69475, NULL
"decrypt", 69600, NULL
"mail_fetch_check_folder", 69682, "mail_fetch_allow_unsubscribed"
"mail_fetch_check_noselect", 69768, NULL
"POP3", 72796, NULL
"update_timer", 72884, NULL
"connect", 72915, NULL
"user", 73160, NULL
"pass", 73275, NULL
"apop", 73411, NULL
"login", 73684, NULL
"top", 73787, NULL
"pop_list", 74011, NULL
"get", 74415, NULL
"last", 74605, NULL
"reset", 74748, NULL
"send_cmd", 74842, NULL
"quit", 74976, NULL
"popstat", 75092, NULL
"uidl", 75141, NULL
"delete", 75487, NULL
"is_ok", 75598, NULL
"strip_clf", 75636, NULL
"parse_banner", 75682, NULL
"stripos", 75824, NULL
"squirrelmail_plugin_init_squirrelspell", 75910, "squirrelmail_plugin_hooks"
"squirrelspell_optpage_register_block", 75944, "optpage_blocks"
"squirrelspell_setup", 75990, NULL
"sqspell_makePage", 76189, "color"
"sqspell_makePage", 76189, "SQSPELL_VERSION"
"sqspell_makeWindow", 76415, "color"
"sqspell_makeWindow", 76415, "SQSPELL_VERSION"
"sqspell_crypto", 76615, NULL
"sqspell_upgradeWordsFile", 76752, "SQSPELL_APP_DEFAULT"
"sqspell_upgradeWordsFile", 76752, "SQSPELL_VERSION"
"sqspell_getSettings", 76818, "SQSPELL_APP"
"sqspell_getSettings", 76818, "SQSPELL_APP_DEFAULT"
"sqspell_getLang", 76908, NULL
"sqspell_getWords", 76977, "SQSPELL_WORDS_FILE"
"sqspell_getWords", 76977, "SQSPELL_CRYPTO"
"sqspell_getWords", 76977, "SCRIPT_NAME"
"sqspell_writeWords", 77340, "SQSPELL_WORDS_FILE"
"sqspell_writeWords", 77340, "SQSPELL_CRYPTO"
"sqspell_deleteWords", 77464, "SQSPELL_WORDS_FILE"
"sqspell_makeDummy", 77489, "SQSPELL_VERSION"
"sqspell_makeDummy", 77489, "SQSPELL_APP_DEFAULT"
"sqspell_ckMOD", 77527, NULL
"squirrelmail_plugin_init_info", 77737, "squirrelmail_plugin_hooks"
"info_opt", 77755, "optpage_blocks"
"get_caps", 77799, NULL
"imap_test", 77853, "default_charset"
"print_response", 77954, NULL
"info_is_plugin_enabled", 78000, "plugins"
"squirrelmail_plugin_init_delete_move_next", 78858, "squirrelmail_plugin_hooks"
"fix_sort_array", 78924, "username"
"fix_sort_array", 78924, "data_dir"
"fix_sort_array", 78924, "allow_server_sort"
"fix_sort_array", 78924, "allow_thread_sort"
"fix_sort_array", 78924, "thread_sort_messages"
"fix_sort_array", 78924, "mailbox"
"fix_sort_array", 78924, "imapConnection"
"fix_sort_array", 78924, "sort"
"fix_sort_array", 78924, "uid_support"
"fix_sort_array", 78924, "mbx_response"
"delete_move_del_arr_elem", 79046, NULL
"delete_move_show_msg_array", 79097, "msort"
"delete_move_show_msg_array", 79097, "msgs"
"delete_move_expunge_from_all", 79163, "msgs"
"delete_move_expunge_from_all", 79163, "msort"
"delete_move_expunge_from_all", 79163, "sort"
"delete_move_expunge_from_all", 79163, "imapConnection"
"delete_move_expunge_from_all", 79163, "mailbox"
"delete_move_expunge_from_all", 79163, "uid_support"
"delete_move_next_action", 79353, NULL
"delete_move_next_read_t", 79423, "delete_move_next_t"
"delete_move_next_read_b", 79445, "delete_move_next_b"
"delete_move_next_read", 79467, "delete_move_next_formATtop"
"delete_move_next_read", 79467, "delete_move_next_formATbottom"
"delete_move_next_read", 79467, "color"
"delete_move_next_read", 79467, "where"
"delete_move_next_read", 79467, "what"
"delete_move_next_read", 79467, "currentArrayIndex"
"delete_move_next_read", 79467, "passed_id"
"delete_move_next_read", 79467, "mailbox"
"delete_move_next_read", 79467, "sort"
"delete_move_next_read", 79467, "startMessage"
"delete_move_next_read", 79467, "delete_id"
"delete_move_next_read", 79467, "move_id"
"delete_move_next_read", 79467, "base_uri"
"delete_move_next_read", 79467, "imapConnection"
"delete_move_next_read", 79467, "auto_expunge"
"delete_move_next_read", 79467, "move_to_trash"
"delete_move_next_read", 79467, "mbx_response"
"delete_move_next_read", 79467, "uid_support"
"delete_move_next_read", 79467, "passed_ent_id"
"delete_move_next_read", 79467, "delete_move_next_show_unread"
"get_move_target_list", 79968, "imapConnection"
"get_move_target_list", 79968, "lastTargetMailbox"
"delete_move_next_moveNextForm", 80018, "color"
"delete_move_next_moveNextForm", 80018, "where"
"delete_move_next_moveNextForm", 80018, "what"
"delete_move_next_moveNextForm", 80018, "currentArrayIndex"
"delete_move_next_moveNextForm", 80018, "passed_id"
"delete_move_next_moveNextForm", 80018, "mailbox"
"delete_move_next_moveNextForm", 80018, "sort"
"delete_move_next_moveNextForm", 80018, "startMessage"
"delete_move_next_moveNextForm", 80018, "delete_id"
"delete_move_next_moveNextForm", 80018, "move_id"
"delete_move_next_moveNextForm", 80018, "imapConnection"
"delete_move_next_moveNextForm", 80018, "base_uri"
"delete_move_next_moveRightMainForm", 80153, "color"
"delete_move_next_moveRightMainForm", 80153, "where"
"delete_move_next_moveRightMainForm", 80153, "what"
"delete_move_next_moveRightMainForm", 80153, "currentArrayIndex"
"delete_move_next_moveRightMainForm", 80153, "passed_id"
"delete_move_next_moveRightMainForm", 80153, "mailbox"
"delete_move_next_moveRightMainForm", 80153, "sort"
"delete_move_next_moveRightMainForm", 80153, "startMessage"
"delete_move_next_moveRightMainForm", 80153, "delete_id"
"delete_move_next_moveRightMainForm", 80153, "move_id"
"delete_move_next_moveRightMainForm", 80153, "imapConnection"
"delete_move_next_moveRightMainForm", 80153, "base_uri"
"delete_move_next_unread", 80279, "imapConnection"
"delete_move_next_delete", 80342, "imapConnection"
"delete_move_next_delete", 80342, "auto_expunge"
"delete_move_next_move", 80424, "imapConnection"
"delete_move_next_move", 80424, "mailbox"
"delete_move_next_move", 80424, "auto_expunge"
"delete_move_next_move", 80424, "lastTargetMailbox"
"delete_move_next_display_inside", 80542, "username"
"delete_move_next_display_inside", 80542, "data_dir"
"delete_move_next_display_inside", 80542, "delete_move_next_show_unread"
"delete_move_next_display_inside", 80542, "delete_move_next_t"
"delete_move_next_display_inside", 80542, "delete_move_next_formATtop"
"delete_move_next_display_inside", 80542, "delete_move_next_b"
"delete_move_next_display_inside", 80542, "delete_move_next_formATbottom"
"delete_move_next_display_save", 80689, "username"
"delete_move_next_display_save", 80689, "data_dir"
"delete_move_next_loading_prefs", 80882, "username"
"delete_move_next_loading_prefs", 80882, "data_dir"
"delete_move_next_loading_prefs", 80882, "delete_move_next_show_unread"
"delete_move_next_loading_prefs", 80882, "delete_move_next_t"
"delete_move_next_loading_prefs", 80882, "delete_move_next_formATtop"
"delete_move_next_loading_prefs", 80882, "delete_move_next_b"
"delete_move_next_loading_prefs", 80882, "delete_move_next_formATbottom"
"squirrelmail_plugin_init_sent_subfolders", 81017, "squirrelmail_plugin_hooks"
"sent_subfolders_check_handleAsSent", 81075, "handleAsSent_result"
"sent_subfolders_check_handleAsSent", 81075, "sent_subfolders_base"
"sent_subfolders_check_handleAsSent", 81075, "use_sent_subfolders"
"sent_subfolders_load_prefs", 81168, "use_sent_subfolders"
"sent_subfolders_load_prefs", 81168, "data_dir"
"sent_subfolders_load_prefs", 81168, "username"
"sent_subfolders_load_prefs", 81168, "sent_folder"
"sent_subfolders_load_prefs", 81168, "sent_subfolders_setting"
"sent_subfolders_load_prefs", 81168, "sent_subfolders_base"
"sent_subfolders_optpage_loadhook_folders", 81237, "optpage_data"
"sent_subfolders_optpage_loadhook_folders", 81237, "imapServerAddress"
"sent_subfolders_optpage_loadhook_folders", 81237, "imapPort"
"filter_folders", 81457, NULL
"save_option_sent_subfolders_setting", 81479, "data_dir"
"save_option_sent_subfolders_setting", 81479, "username"
"save_option_sent_subfolders_setting", 81479, "use_sent_subfolders"
"save_option_sent_subfolders_setting", 81479, "sent_subfolders_base"
"sent_subfolders_update_sentfolder", 81569, "sent_folder"
"sent_subfolders_update_sentfolder", 81569, "auto_create_special"
"sent_subfolders_update_sentfolder", 81569, "auto_create_done"
"sent_subfolders_update_sentfolder", 81569, "sent_subfolders_base"
"sent_subfolders_update_sentfolder", 81569, "sent_subfolders_setting"
"sent_subfolders_update_sentfolder", 81569, "data_dir"
"sent_subfolders_update_sentfolder", 81569, "imapServerAddress"
"sent_subfolders_update_sentfolder", 81569, "imapPort"
"sent_subfolders_update_sentfolder", 81569, "use_sent_subfolders"
"sent_subfolders_update_sentfolder", 81569, "move_to_sent"
"sent_subfolders_update_sentfolder", 81569, "imap_server_type"
"save_option_sent_subfolders_base", 81975, NULL
"sent_subfolder_getQuarter", 81996, NULL
"sent_subfolders_special_mailbox", 82083, "data_dir"
"sent_subfolders_special_mailbox", 82083, "username"
"sent_subfolders_special_mailbox", 82083, "sent_folder"
"show_event_form", 82444, "color"
"show_event_form", 82444, "editor_size"
"show_event_form", 82444, "year"
"show_event_form", 82444, "day"
"show_event_form", 82444, "month"
"show_event_form", 82444, "hour"
"startcalendar", 83343, "year"
"startcalendar", 83343, "month"
"startcalendar", 83343, "color"
"drawmonthview", 83770, "year"
"drawmonthview", 83770, "month"
"drawmonthview", 83770, "color"
"drawmonthview", 83770, "calendardata"
"drawmonthview", 83770, "todayis"
"endcalendar", 84142, "year"
"endcalendar", 84142, "month"
"endcalendar", 84142, "day"
"endcalendar", 84142, "color"
"squirrelmail_plugin_init_calendar", 84342, "squirrelmail_plugin_hooks"
"calendar", 84360, NULL
"day_header", 84491, "color"
"day_header", 84491, "month"
"day_header", 84491, "day"
"day_header", 84491, "year"
"day_header", 84491, "prev_year"
"day_header", 84491, "prev_month"
"day_header", 84491, "prev_day"
"day_header", 84491, "prev_date"
"day_header", 84491, "next_month"
"day_header", 84491, "next_day"
"day_header", 84491, "next_year"
"day_header", 84491, "next_date"
"initialize_events", 84663, "daily_events"
"initialize_events", 84663, "calendardata"
"initialize_events", 84663, "month"
"initialize_events", 84663, "day"
"initialize_events", 84663, "year"
"display_events", 84787, "daily_events"
"display_events", 84787, "month"
"display_events", 84787, "day"
"display_events", 84787, "year"
"display_events", 84787, "color"
"calendar_header", 85424, "color"
"calendar_header", 85424, "year"
"calendar_header", 85424, "day"
"calendar_header", 85424, "month"
"select_option_length", 85515, NULL
"select_option_minute", 85677, NULL
"select_option_hour", 85784, NULL
"select_option_priority", 85863, NULL
"select_option_year", 85948, NULL
"select_option_month", 86010, NULL
"select_option_day", 86114, NULL
"calendar_readmultiline", 86203, NULL
"calendar_encodedata", 86246, NULL
"readcalendardata", 86294, "calendardata"
"readcalendardata", 86294, "username"
"readcalendardata", 86294, "data_dir"
"readcalendardata", 86294, "year"
"writecalendardata", 86466, "calendardata"
"writecalendardata", 86466, "username"
"writecalendardata", 86466, "data_dir"
"writecalendardata", 86466, "year"
"writecalendardata", 86466, "color"
"delete_event", 86693, "calendardata"
"delete_event", 86693, "username"
"delete_event", 86693, "data_dir"
"delete_event", 86693, "year"
"update_event", 86841, "calendardata"
"update_event", 86841, "username"
"update_event", 86841, "data_dir"
"update_event", 86841, "year"
"confirm_deletion", 87231, "calself"
"confirm_deletion", 87231, "dyear"
"confirm_deletion", 87231, "dmonth"
"confirm_deletion", 87231, "dday"
"confirm_deletion", 87231, "dhour"
"confirm_deletion", 87231, "dminute"
"confirm_deletion", 87231, "calendardata"
"confirm_deletion", 87231, "color"
"confirm_deletion", 87231, "year"
"confirm_deletion", 87231, "month"
"confirm_deletion", 87231, "day"
"update_event_form", 88267, "color"
"update_event_form", 88267, "editor_size"
"update_event_form", 88267, "year"
"update_event_form", 88267, "day"
"update_event_form", 88267, "month"
"update_event_form", 88267, "hour"
"update_event_form", 88267, "minute"
"update_event_form", 88267, "calendardata"
"confirm_update", 88730, "calself"
"confirm_update", 88730, "year"
"confirm_update", 88730, "month"
"confirm_update", 88730, "day"
"confirm_update", 88730, "hour"
"confirm_update", 88730, "minute"
"confirm_update", 88730, "calendardata"
"confirm_update", 88730, "color"
"confirm_update", 88730, "event_year"
"confirm_update", 88730, "event_month"
"confirm_update", 88730, "event_day"
"confirm_update", 88730, "event_hour"
"confirm_update", 88730, "event_minute"
"confirm_update", 88730, "event_length"
"confirm_update", 88730, "event_priority"
"confirm_update", 88730, "event_title"
"confirm_update", 88730, "event_text"
"CalcEntity", 90115, NULL
"squirrelmail_plugin_init_message_details", 91815, "squirrelmail_plugin_hooks"
"show_message_details", 91833, "passed_id"
"show_message_details", 91833, "mailbox"
"show_message_details", 91833, "passed_ent_id"
"show_message_details", 91833, "color"
"show_message_details", 91833, "javascript_on"
"squirrelmail_plugin_init_view_as_html", 92277, "squirrelmail_plugin_hooks"
"view_as_html_info", 92303, NULL
"view_as_html_version", 92351, NULL
"view_as_html_read_body_top", 92370, NULL
"view_as_html_read_body_header_right", 92387, NULL
"view_as_html_set", 92409, "message"
"view_as_html_set", 92409, "show_html_default"
"view_as_html_link", 92561, "message"
"view_as_html_link", 92561, "show_html_default"
"view_as_html_link", 92561, "sort"
"squirrelmail_plugin_init_demo", 92914, "squirrelmail_plugin_hooks"
"demo_info", 92980, NULL
"demo_version", 93007, NULL
"demo_menuline", 93026, NULL
"demo_option_link", 93043, NULL
"demo_check_configuration", 93060, NULL
"demo_menuline_do", 93127, NULL
"demo_option_link_do", 93157, "optpage_blocks"
"demo_check_configuration_do", 93210, NULL
"squirrelmail_plugin_init_test", 93341, "squirrelmail_plugin_hooks"
"test_menuline", 93359, NULL
"test_info", 93377, NULL
"test_version", 93404, NULL
"test_menuline_do", 93862, NULL
"adm_check_user", 93884, "plugins"
"adm_array_trim", 94102, NULL
"squirrelmail_plugin_init_administrator", 96315, "squirrelmail_plugin_hooks"
"squirrelmail_administrator_optpage_register_block", 96340, "optpage_blocks"
"parseConfig", 96389, "newcfg"
"change_to_rel_path", 96991, NULL
"change_to_sm_path", 97038, NULL
"CheckNewMailboxSound", 100859, "folder_prefix"
"CheckNewMailboxSound", 100859, "trash_folder"
"CheckNewMailboxSound", 100859, "sent_folder"
"CheckNewMailboxSound", 100859, "color"
"CheckNewMailboxSound", 100859, "move_to_sent"
"CheckNewMailboxSound", 100859, "move_to_trash"
"CheckNewMailboxSound", 100859, "unseen_notify"
"CheckNewMailboxSound", 100859, "unseen_type"
"CheckNewMailboxSound", 100859, "newmail_allbox"
"CheckNewMailboxSound", 100859, "newmail_recent"
"CheckNewMailboxSound", 100859, "newmail_changetitle"
"squirrelmail_plugin_init_newmail", 101026, "squirrelmail_plugin_hooks"
"newmail_optpage_register_block", 101076, "optpage_blocks"
"newmail_sav", 101126, "data_dir"
"newmail_sav", 101126, "username"
"newmail_pref", 101369, "username"
"newmail_pref", 101369, "data_dir"
"newmail_pref", 101369, "newmail_media"
"newmail_pref", 101369, "newmail_enable"
"newmail_pref", 101369, "newmail_popup"
"newmail_pref", 101369, "newmail_allbox"
"newmail_pref", 101369, "newmail_recent"
"newmail_pref", 101369, "newmail_changetitle"
"newmail_pref", 101369, "newmail_popup_height"
"newmail_pref", 101369, "newmail_popup_width"
"newmail_set_loadinfo", 101505, "optpage"
"newmail_set_loadinfo", 101505, "optpage_name"
"newmail_plugin", 101533, "username"
"newmail_plugin", 101533, "key"
"newmail_plugin", 101533, "imapServerAddress"
"newmail_plugin", 101533, "imapPort"
"newmail_plugin", 101533, "newmail_media"
"newmail_plugin", 101533, "newmail_enable"
"newmail_plugin", 101533, "newmail_popup"
"newmail_plugin", 101533, "newmail_popup_height"
"newmail_plugin", 101533, "newmail_popup_width"
"newmail_plugin", 101533, "newmail_recent"
"newmail_plugin", 101533, "newmail_changetitle"
"newmail_plugin", 101533, "imapConnection"
"newmail_plugin", 101533, "org_title"
"squirrelmail_plugin_init_spamcop", 102394, "squirrelmail_plugin_hooks"
"spamcop_load", 102436, "username"
"spamcop_load", 102436, "data_dir"
"spamcop_load", 102436, "spamcop_enabled"
"spamcop_load", 102436, "spamcop_delete"
"spamcop_load", 102436, "spamcop_method"
"spamcop_load", 102436, "spamcop_id"
"spamcop_load", 102436, "spamcop_quick_report"
"spamcop_show_link", 102570, "spamcop_enabled"
"spamcop_show_link", 102570, "spamcop_method"
"spamcop_show_link", 102570, "spamcop_quick_report"
"spamcop_options", 102830, "optpage_blocks"
"spamcop_while_sending", 102868, "mailbox"
"spamcop_while_sending", 102868, "spamcop_delete"
"spamcop_while_sending", 102868, "auto_expunge"
"spamcop_while_sending", 102868, "username"
"spamcop_while_sending", 102868, "key"
"spamcop_while_sending", 102868, "imapServerAddress"
"spamcop_while_sending", 102868, "imapPort"
"spamcop_while_sending", 102868, "compose_new_win"
"spamcop_enable_disable", 102992, NULL
"getMessage_RFC822_Attachment", 103731, "attachments"
"getMessage_RFC822_Attachment", 103731, "attachment_dir"
"getMessage_RFC822_Attachment", 103731, "username"
"getMessage_RFC822_Attachment", 103731, "data_dir"
"getMessage_RFC822_Attachment", 103731, "uid_support"
"fortune_show", 104593, "color"
"fortune_show_options", 104691, "optpage_data"
"fortune_show_options", 104691, "username"
"fortune_show_options", 104691, "data_dir"
"fortune_show_options", 104691, "fortune_visible"
"squirrelmail_plugin_init_fortune", 104794, "squirrelmail_plugin_hooks"
"fortune", 104820, "fortune_visible"
"fortune", 104820, "username"
"fortune", 104820, "data_dir"
"fortune_optpage_loadhook_display", 104866, NULL
"squirrelmail_plugin_init_listcommands", 104900, "squirrelmail_plugin_hooks"
"plugin_listcommands_menu", 104918, "passed_id"
"plugin_listcommands_menu", 104918, "passed_ent_id"
"plugin_listcommands_menu", 104918, "color"
"plugin_listcommands_menu", 104918, "mailbox"
"plugin_listcommands_menu", 104918, "message"
"plugin_listcommands_menu", 104918, "compose_new_win"
"plugin_listcommands_menu", 104918, "startMessage"
"Show_Array", 105755, NULL
"squirrelmail_plugin_init_bug_report", 106563, "squirrelmail_plugin_hooks"
"bug_report_button", 106589, NULL
"bug_report_block", 106606, NULL
"bug_report_button_do", 106628, "username"
"bug_report_button_do", 106628, "data_dir"
"bug_report_button_do", 106628, "color"
"bug_report_block_do", 106677, "username"
"bug_report_block_do", 106677, "data_dir"
"bug_report_block_do", 106677, "optpage_data"
"bug_report_block_do", 106677, "bug_report_visible"
"squirrelmail_plugin_init_translate", 106784, "squirrelmail_plugin_hooks"
"translate_read_form", 106826, "color"
"translate_read_form", 106826, "translate_server"
"translate_read_form", 106826, "message"
"translate_read_form", 106826, "translate_dir"
"translate_read_form", 106826, "translate_show_read"
"translate_read_form", 106826, "imapConnection"
"translate_read_form", 106826, "wrap_at"
"translate_read_form", 106826, "passed_id"
"translate_read_form", 106826, "mailbox"
"translate_table_end", 107064, NULL
"translate_button", 107074, "translate_show_send"
"translate_optpage_register_block", 107092, "optpage_blocks"
"translate_pref", 107130, "username"
"translate_pref", 107130, "data_dir"
"translate_pref", 107130, "translate_server"
"translate_pref", 107130, "translate_location"
"translate_pref", 107130, "translate_show_send"
"translate_pref", 107130, "translate_show_read"
"translate_pref", 107130, "translate_same_window"
"translate_does_it_match_language", 107240, "squirrelmail_language"
"translate_lang_opt", 107373, "translate_dir"
"translate_new_form", 107456, "translate_dir"
"translate_new_form", 107456, "translate_new_window"
"translate_new_form", 107456, "translate_location"
"translate_new_form", 107456, "color"
"translate_new_form", 107456, "translate_same_window"
"translate_form_babelfish", 107560, NULL
"translate_form_go", 108577, NULL
"translate_form_intertran", 108888, NULL
"translate_form_gpltrans", 109753, NULL
"translate_form_dictionary", 109919, NULL
"translate_form_otenet", 110639, NULL
"translate_form_promt", 111229, NULL
"translate_form_google", 111775, NULL
"ShowOption", 112667, NULL
"ShowTrad", 112722, NULL
"IsUnique", 113598, NULL
"Darkness_HeaderPlugin", 113709, NULL
"addressbook_init", 119317, "data_dir"
"addressbook_init", 119317, "username"
"addressbook_init", 119317, "color"
"addressbook_init", 119317, "ldap_server"
"addressbook_init", 119317, "address_book_global_filename"
"addressbook_init", 119317, "addrbook_dsn"
"addressbook_init", 119317, "addrbook_table"
"addressbook_init", 119317, "abook_global_file"
"addressbook_init", 119317, "abook_global_file_writeable"
"addressbook_init", 119317, "abook_global_file_listing"
"addressbook_init", 119317, "addrbook_global_dsn"
"addressbook_init", 119317, "addrbook_global_table"
"addressbook_init", 119317, "addrbook_global_writeable"
"addressbook_init", 119317, "addrbook_global_listing"
"addressbook_init", 119317, "abook_file_line_length"
"addressbook_cmp", 119942, NULL
"alistcmp", 120010, NULL
"get_abook_sort", 120182, "data_dir"
"get_abook_sort", 120182, "username"
"show_abook_sort_button", 120259, "form_url"
"AddressBook", 120398, NULL
"get_backend_list", 120419, NULL
"add_backend", 120491, NULL
"full_address", 120611, "data_dir"
"full_address", 120611, "username"
"search", 120746, NULL
"s_search", 120950, NULL
"lookup", 121001, NULL
"list_addr", 121182, NULL
"add", 121317, NULL
"remove", 121528, NULL
"modify", 121650, NULL
"set_error", 121920, NULL
"search", 121955, NULL
"lookup", 121980, NULL
"list_addr", 122011, NULL
"add", 122032, NULL
"remove", 122057, NULL
"modify", 122082, NULL
"abook_ldap_server", 122227, NULL
"open", 122459, NULL
"charset_encode", 122742, "default_charset"
"charset_decode", 122792, "default_charset"
"ldapspecialchars", 122842, NULL
"search", 122895, NULL
"list_addr", 123423, "ldap_abook_allow_listing"
"addInputField", 123457, NULL
"addPwField", 123534, NULL
"addCheckBox", 123567, NULL
"addRadioBox", 123612, NULL
"addHidden", 123650, NULL
"addInput", 123675, NULL
"addSelect", 123744, NULL
"addSubmit", 123894, NULL
"addReset", 123927, NULL
"addTextArea", 123949, NULL
"addForm", 124015, NULL
"sortSpecialMbx", 124174, NULL
"find_mailbox_name", 124300, NULL
"check_is_noselect", 124357, NULL
"readMailboxParent", 124376, NULL
"isBoxBelow", 124461, "delimiter"
"isSpecialMailbox", 124548, "subfolders_of_inbox_are_special"
"isInboxMailbox", 124642, NULL
"isTrashMailbox", 124683, "trash_folder"
"isTrashMailbox", 124683, "move_to_trash"
"isSentMailbox", 124730, "sent_folder"
"isSentMailbox", 124730, "move_to_sent"
"isDraftMailbox", 124777, "draft_folder"
"isDraftMailbox", 124777, "save_as_draft"
"sqimap_mailbox_expunge", 124821, "uid_support"
"sqimap_mailbox_exists", 124952, NULL
"sqimap_mailbox_select", 125009, "auto_expunge"
"sqimap_mailbox_select", 125009, "color"
"sqimap_mailbox_create", 125384, "delimiter"
"sqimap_subscribe", 125462, NULL
"sqimap_unsubscribe", 125498, NULL
"sqimap_mailbox_delete", 125534, "data_dir"
"sqimap_mailbox_delete", 125534, "username"
"sqimap_mailbox_is_subscribed", 125656, NULL
"sqimap_mailbox_rename", 125705, "delimiter"
"sqimap_mailbox_rename", 125705, "imap_server_type"
"sqimap_mailbox_rename", 125705, "data_dir"
"sqimap_mailbox_rename", 125705, "username"
"sqimap_mailbox_parse", 126254, "folder_prefix"
"sqimap_mailbox_parse", 126254, "delimiter"
"user_strcasecmp", 126708, NULL
"sqimap_mailbox_option_list", 126732, "username"
"sqimap_mailbox_option_list", 126732, "data_dir"
"mailtree_sort", 127045, "delimiter"
"sqimap_mailbox_list", 127127, "default_folder_prefix"
"sqimap_mailbox_list", 127127, "default_sub_of_inbox"
"sqimap_mailbox_list", 127127, "data_dir"
"sqimap_mailbox_list", 127127, "username"
"sqimap_mailbox_list", 127127, "list_special_folders_first"
"sqimap_mailbox_list", 127127, "folder_prefix"
"sqimap_mailbox_list", 127127, "trash_folder"
"sqimap_mailbox_list", 127127, "sent_folder"
"sqimap_mailbox_list", 127127, "draft_folder"
"sqimap_mailbox_list", 127127, "move_to_trash"
"sqimap_mailbox_list", 127127, "move_to_sent"
"sqimap_mailbox_list", 127127, "save_as_draft"
"sqimap_mailbox_list", 127127, "delimiter"
"sqimap_mailbox_list", 127127, "noselect_fix_enable"
"sqimap_mailbox_list_all", 128096, "list_special_folders_first"
"sqimap_mailbox_list_all", 128096, "folder_prefix"
"sqimap_mailbox_list_all", 128096, "delimiter"
"sqWordWrap", 128724, "languages"
"sqWordWrap", 128724, "squirrelmail_language"
"sqUnWordWrap", 129025, "squirrelmail_language"
"sm_truncate_string", 129213, NULL
"readShortMailboxName", 129379, NULL
"php_self", 129454, NULL
"sqm_baseuri", 129555, "base_uri"
"sqm_baseuri", 129555, "PHP_SELF"
"get_location", 129626, "imap_server_type"
"get_location", 129626, "config_location_base"
"get_location", 129626, "is_secure_connection"
"get_location", 129626, "sq_ignore_http_x_forwarded_headers"
"OneTimePadEncrypt", 129960, NULL
"OneTimePadDecrypt", 130076, NULL
"sq_mt_seed", 130197, NULL
"sq_mt_randomize", 130272, NULL
"OneTimePadCreate", 130426, NULL
"show_readable_size", 130482, NULL
"GenerateRandomString", 130560, NULL
"quoteimap", 130676, NULL
"TrimArray", 130696, NULL
"RemoveSlashes", 130775, NULL
"makeComposeLink", 130861, "compose_new_win"
"makeComposeLink", 130861, "javascript_on"
"sm_print_r", 130960, NULL
"sq_fwrite", 131010, NULL
"sq_is8bit", 131056, "default_charset"
"sq_strlen", 131116, "sq_string_func_auto_charset"
"sq_strlen", 131116, "default_charset"
"sq_strlen", 131116, "squirrelmail_language"
"sq_strpos", 131232, "sq_string_func_auto_charset"
"sq_strpos", 131232, "default_charset"
"sq_strpos", 131232, "squirrelmail_language"
"sq_substr", 131366, "sq_string_func_auto_charset"
"sq_substr", 131366, "default_charset"
"sq_substr", 131366, "squirrelmail_language"
"sq_substr_replace", 131521, "sq_string_func_auto_charset"
"sq_substr_replace", 131521, "default_charset"
"sq_substr_replace", 131521, "squirrelmail_language"
"sq_mb_list_encodings", 131828, NULL
"sq_lowercase_array_vals", 132047, NULL
"sq_trim_value", 132071, NULL
"sm_get_user_security_tokens", 132091, "data_dir"
"sm_get_user_security_tokens", 132091, "username"
"sm_get_user_security_tokens", 132091, "max_token_age_days"
"sm_generate_security_token", 132218, "data_dir"
"sm_generate_security_token", 132218, "username"
"sm_generate_security_token", 132218, "disable_security_tokens"
"sm_generate_security_token", 132218, "do_not_use_single_token"
"sm_validate_security_token", 132361, "data_dir"
"sm_validate_security_token", 132361, "username"
"sm_validate_security_token", 132361, "max_token_age_days"
"sm_validate_security_token", 132361, "disable_security_tokens"
"sm_encode_html_special_chars", 132539, "default_charset"
"cachePrefValues", 132637, "prefs_are_cached"
"cachePrefValues", 132637, "prefs_cache"
"getPref", 132951, "prefs_cache"
"savePrefValues", 133059, "prefs_cache"
"removePref", 133249, "prefs_cache"
"setPref", 133302, "prefs_cache"
"checkForPrefs", 133391, NULL
"setSig", 133656, NULL
"getSig", 133847, NULL
"check_php_version", 134320, "SQ_PHP_VERSION"
"check_sm_version", 134384, "SQM_INTERNAL_VERSION"
"sqstripslashes", 134469, NULL
"sq_call_function_suppress_errors", 134535, NULL
"sqsession_register", 134606, NULL
"sqsession_unregister", 134633, NULL
"sqsession_is_registered", 134654, NULL
"sqgetGlobalVar", 134677, NULL
"sqsession_destroy", 134875, "base_uri"
"sqsession_is_active", 135017, NULL
"sqsession_start", 135028, "base_uri"
"sqsetcookie", 135079, "is_secure_connection"
"sqsetcookie", 135079, "only_secure_cookies"
"is_ssl_secured_connection", 135335, "sq_ignore_http_x_forwarded_headers"
"is_ssl_secured_connection", 135335, "sq_https_port"
"file_has_long_lines", 135461, NULL
"register_attachment_common", 135806, "squirrelmail_plugin_hooks"
"attachment_common_link_text", 135838, "squirrelmail_attachments_finished_handling"
"attachment_common_link_message", 135956, "squirrelmail_attachments_finished_handling"
"attachment_common_link_html", 136063, "squirrelmail_attachments_finished_handling"
"attachment_common_link_image", 136183, "squirrelmail_attachments_finished_handling"
"attachment_common_link_image", 136183, "attachment_common_show_images"
"attachment_common_link_image", 136183, "attachment_common_show_images_list"
"attachment_common_link_vcard", 136341, "squirrelmail_attachments_finished_handling"
"attachment_common_octet_stream", 136459, "FileExtensionToMimeType"
"html_tag", 136613, "languages"
"html_tag", 136613, "squirrelmail_language"
"set_url_var", 136863, NULL
"echo_template_var", 137087, NULL
"get_identities", 137272, "username"
"get_identities", 137272, "data_dir"
"get_identities", 137272, "domain"
"save_identities", 137496, "username"
"save_identities", 137496, "data_dir"
"save_identities", 137496, "domain"
"sqfixidentities", 137731, NULL
"empty_identity", 137975, NULL
"findParentForChild", 138034, NULL
"addChildNodeToTree", 138157, NULL
"walkTreeInPreOrderEmptyTrash", 138285, "trash_folder"
"walkTreeInPreOrderDeleteFolders", 138514, NULL
"walkTreeInPostOrderCreatingFoldersUnderTrash", 138616, "trash_folder"
"walkTreeInPostOrderCreatingFoldersUnderTrash", 138616, "delimiter"
"simpleWalkTreePre", 138890, NULL
"use_plugin", 139027, NULL
"do_hook", 139084, "squirrelmail_plugin_hooks"
"do_hook_function", 139156, "squirrelmail_plugin_hooks"
"concat_hook_function", 139230, "squirrelmail_plugin_hooks"
"boolean_hook_function", 139304, "squirrelmail_plugin_hooks"
"soupNazi", 139475, NULL
"getHashedFile", 139742, "dir_hash_level"
"getHashedDir", 139948, "dir_hash_level"
"computeHashDirs", 140107, NULL
"mime_structure", 140207, "color"
"mime_structure", 140207, "mailbox"
"mime_fetch_body", 140544, "uid_support"
"mime_fetch_body", 140544, "where"
"mime_fetch_body", 140544, "what"
"mime_fetch_body", 140544, "mailbox"
"mime_fetch_body", 140544, "passed_id"
"mime_fetch_body", 140544, "startMessage"
"mime_print_body_lines", 140971, "uid_support"
"listEntities", 141128, NULL
"getPriorityStr", 141225, NULL
"getEntity", 141306, NULL
"translateText", 141329, "where"
"translateText", 141329, "what"
"translateText", 141329, "color"
"formatBody", 141615, "startMessage"
"formatBody", 141615, "languages"
"formatBody", 141615, "squirrelmail_language"
"formatBody", 141615, "show_html_default"
"formatBody", 141615, "sort"
"formatBody", 141615, "has_unsafe_images"
"formatBody", 141615, "passed_ent_id"
"formatBody", 141615, "username"
"formatBody", 141615, "key"
"formatBody", 141615, "imapServerAddress"
"formatBody", 141615, "imapPort"
"formatBody", 141615, "download_and_unsafe_link"
"formatAttachments", 142154, "where"
"formatAttachments", 142154, "what"
"formatAttachments", 142154, "startMessage"
"formatAttachments", 142154, "color"
"formatAttachments", 142154, "passed_ent_id"
"sqimap_base64_decode", 143050, NULL
"decodeBody", 143173, NULL
"decodeHeader", 143280, "languages"
"decodeHeader", 143280, "squirrelmail_language"
"decodeHeader", 143280, "default_charset"
"encodeHeader", 143835, "default_charset"
"encodeHeader", 143835, "languages"
"encodeHeader", 143835, "squirrelmail_language"
"encodeHeaderBase64", 144641, NULL
"find_ent_id", 144862, NULL
"sq_check_save_extension", 145030, NULL
"sq_defang", 145095, NULL
"sq_unspace", 145212, NULL
"sq_fixIE_idiocy", 145285, NULL
"sq_tagprint", 145788, NULL
"sq_casenormalize", 145913, NULL
"sq_skipspace", 145933, NULL
"sq_findnxstr", 145997, NULL
"sq_findnxreg", 146054, NULL
"sq_getnxtag", 146165, NULL
"sq_deent", 147400, NULL
"sq_fixatts", 147551, NULL
"sq_fix_url", 147942, NULL
"sq_fixstyle", 148340, "view_unsafe_images"
"sq_cid2http", 148931, NULL
"sq_body2div", 149150, NULL
"sq_sanitize", 149327, NULL
"magicHTML", 150003, "attachment_common_show_images"
"magicHTML", 150003, "view_unsafe_images"
"magicHTML", 150003, "has_unsafe_images"
"magicHTML", 150003, "MailTo_PReg_Match"
"magicHTML", 150003, "compose_new_win"
"SendDownloadHeaders", 150783, "languages"
"SendDownloadHeaders", 150783, "squirrelmail_language"
"is_logged_in", 151184, "check_referrer"
"is_logged_in", 151184, "domain"
"is_logged_in", 151184, "session_expired_post"
"is_logged_in", 151184, "session_expired_location"
"is_logged_in", 151184, "squirrelmail_language"
"cram_md5_response", 151491, NULL
"digest_md5_response", 151553, NULL
"digest_md5_parse_challenge", 151878, NULL
"hmac_md5", 152073, NULL
"sqauth_read_password", 152252, "is_login_verified_hook"
"sqauth_read_password", 152252, "key"
"sqauth_save_password", 152299, NULL
"get_smtp_user", 152366, "username"
"get_smtp_user", 152366, "smtp_auth_mech"
"get_smtp_user", 152366, "smtp_sitewide_user"
"get_smtp_user", 152366, "smtp_sitewide_pass"
"displayHtmlHeader", 152533, "squirrelmail_language"
"displayHtmlHeader", 152533, "base_uri"
"displayHtmlHeader", 152533, "theme_css"
"displayHtmlHeader", 152533, "custom_css"
"displayHtmlHeader", 152533, "pageheader_sent"
"displayHtmlHeader", 152533, "browser_rendering_mode"
"makeInternalLink", 152729, NULL
"displayInternalLink", 152793, NULL
"displayPageHeader", 152823, "hide_sm_attributions"
"displayPageHeader", 152823, "frame_top"
"displayPageHeader", 152823, "compose_new_win"
"displayPageHeader", 152823, "compose_width"
"displayPageHeader", 152823, "compose_height"
"displayPageHeader", 152823, "attachemessages"
"displayPageHeader", 152823, "provider_name"
"displayPageHeader", 152823, "provider_uri"
"displayPageHeader", 152823, "javascript_on"
"displayPageHeader", 152823, "default_use_mdn"
"displayPageHeader", 152823, "mdn_user_support"
"displayPageHeader", 152823, "startMessage"
"displayPageHeader", 152823, "org_title"
"displayPageHeader", 152823, "action"
"displayPageHeader", 152823, "reply_focus"
"compose_Header", 153788, "delimiter"
"compose_Header", 153788, "hide_sm_attributions"
"compose_Header", 153788, "base_uri"
"compose_Header", 153788, "data_dir"
"compose_Header", 153788, "username"
"compose_Header", 153788, "frame_top"
"compose_Header", 153788, "compose_new_win"
"compose_Header", 153788, "action"
"compose_Header", 153788, "reply_focus"
"sqimap_mb_convert_encoding", 154255, NULL
"imap_utf7_encode_local", 154319, "languages"
"imap_utf7_encode_local", 154319, "squirrelmail_language"
"imap_utf7_encode_local", 154319, "default_charset"
"imap_utf7_decode_local", 154610, "languages"
"imap_utf7_decode_local", 154610, "squirrelmail_language"
"imap_utf7_decode_local", 154610, "default_charset"
"encodeBASE64", 154854, NULL
"decodeBASE64", 155089, NULL
"sqimap_msgs_list_copy", 155545, "uid_support"
"sqimap_msgs_list_move", 155620, NULL
"sqimap_msgs_list_delete", 155683, "move_to_trash"
"sqimap_msgs_list_delete", 155683, "trash_folder"
"sqimap_msgs_list_delete", 155683, "uid_support"
"sqimap_message_list_squisher", 155793, NULL
"get_reference_header", 155908, "uid_support"
"sqimap_get_sort_order", 155985, "default_charset"
"sqimap_get_sort_order", 155985, "thread_sort_messages"
"sqimap_get_sort_order", 155985, "internal_date_sort"
"sqimap_get_sort_order", 155985, "server_sort_array"
"sqimap_get_sort_order", 155985, "sent_folder"
"sqimap_get_sort_order", 155985, "mailbox"
"sqimap_get_sort_order", 155985, "uid_support"
"sqimap_get_sort_order", 155985, "imap_server_type"
"sqimap_get_php_sort_order", 156558, "uid_support"
"get_parent_level", 156747, "thread_new"
"get_thread_sort", 157206, "thread_new"
"get_thread_sort", 157206, "sort_by_ref"
"get_thread_sort", 157206, "default_charset"
"get_thread_sort", 157206, "server_sort_array"
"get_thread_sort", 157206, "uid_support"
"elapsedTime", 157670, NULL
"parseString", 157715, NULL
"parseArray", 157943, NULL
"parseFetch", 158034, NULL
"parsePriority", 159001, NULL
"sqimap_get_small_header_list", 159080, "squirrelmail_language"
"sqimap_get_small_header_list", 159080, "color"
"sqimap_get_small_header_list", 159080, "data_dir"
"sqimap_get_small_header_list", 159080, "username"
"sqimap_get_small_header_list", 159080, "imap_server_type"
"sqimap_get_small_header_list", 159080, "uid_support"
"sqimap_get_small_header_list", 159080, "allow_server_sort"
"sqimap_get_headerfield", 160684, "uid_support"
"sqimap_get_headerfield", 160684, "squirrelmail_language"
"sqimap_get_message", 160987, "uid_support"
"sqimap_get_message", 160987, "sort"
"sqimap_get_message", 160987, "startMessage"
"sqimap_get_message", 160987, "color"
"parse_message_entities", 161212, "uid_support"
"sqimap_messages_copy", 161354, "uid_support"
"sqimap_messages_delete", 161419, "move_to_trash"
"sqimap_messages_delete", 161419, "trash_folder"
"sqimap_messages_delete", 161419, "auto_expunge"
"sqimap_messages_delete", 161419, "uid_support"
"sqimap_messages_flag", 161507, "uid_support"
"sqimap_messages_remove_flag", 161565, "uid_support"
"sqimap_toggle_flag", 161623, "uid_support"
"sqimap_get_small_header", 161701, NULL
"sqimap_session_id", 161755, NULL
"sqimap_run_command_list", 161801, "squirrelmail_language"
"sqimap_run_command_list", 161801, "color"
"sqimap_run_command", 161936, "squirrelmail_language"
"sqimap_run_command", 161936, "color"
"sqimap_run_literal_command", 162095, "squirrelmail_language"
"sqimap_run_literal_command", 162095, "color"
"sqimap_fgets", 162397, NULL
"sqimap_fread", 162488, NULL
"sqimap_read_data_list", 162736, "color"
"sqimap_read_data_list", 162736, "squirrelmail_language"
"sqimap_read_data", 164014, NULL
"sqimap_login", 164093, "color"
"sqimap_login", 164093, "squirrelmail_language"
"sqimap_login", 164093, "onetimepad"
"sqimap_login", 164093, "use_imap_tls"
"sqimap_login", 164093, "imap_auth_mech"
"sqimap_login", 164093, "sqimap_capabilities"
"sqimap_login", 164093, "authz"
"sqimap_login", 164093, "authz_imap_auth_mech"
"sqimap_login", 164093, "authz_use_imap_tls"
"sqimap_login", 164093, "authz_imapPort_tls"
"sqimap_logout", 165217, NULL
"sqimap_capability", 165250, "sqimap_capabilities"
"sqimap_get_delimiter", 165405, "sqimap_delimiter"
"sqimap_get_delimiter", 165405, "optional_delimiter"
"sqimap_get_num_messages", 165641, NULL
"parseAddress", 165722, NULL
"sqimap_unseen_messages", 166711, NULL
"sqimap_status_messages", 166798, NULL
"sqimap_append", 166955, NULL
"sqimap_append_done", 167013, NULL
"sqimap_append_checkresponse", 167053, "squirrelmail_language"
"sqimap_append_checkresponse", 167053, "color"
"sqimap_get_user_server", 167237, NULL
"map_yp_alias", 167285, NULL
"error_message", 167344, "default_folder_prefix"
"plain_error_message", 167479, NULL
"logout_error", 167502, "frame_top"
"logout_error", 167502, "org_logo"
"logout_error", 167502, "org_name"
"logout_error", 167502, "org_logo_width"
"logout_error", 167502, "org_logo_height"
"logout_error", 167502, "hide_sm_attributions"
"logout_error", 167502, "version"
"logout_error", 167502, "squirrelmail_language"
"logout_error", 167502, "color"
"logout_error", 167502, "theme"
"logout_error", 167502, "theme_default"
"error_box", 167972, "pageheader_sent"
"error_box", 167972, "org_title"
"error_option_save", 168213, "optpage_save_error"
"SquirrelOption", 168538, NULL
"is_multiple_valued", 168819, NULL
"setValue", 168857, NULL
"setNewValue", 168879, NULL
"setCaptionWrap", 168901, NULL
"setSize", 168923, NULL
"setTrailingText", 168945, NULL
"setYesText", 168967, NULL
"setNoText", 168989, NULL
"setUseAddWidget", 169011, NULL
"setUseDeleteWidget", 169033, NULL
"setLayoutType", 169055, NULL
"setComment", 169077, NULL
"setScript", 169099, NULL
"setPostScript", 169121, NULL
"setSaveFunction", 169143, NULL
"createHTMLWidget", 169165, "javascript_on"
"createHTMLWidget", 169165, "color"
"createWidget_Info", 169566, NULL
"createWidget_String", 169593, NULL
"createWidget_StrList", 169724, NULL
"createWidget_FolderList", 170126, NULL
"createWidget_TextArea", 170417, NULL
"createWidget_Integer", 170548, "javascript_on"
"createWidget_Float", 170592, "javascript_on"
"createWidget_Boolean", 170636, NULL
"createWidget_Hidden", 170892, NULL
"createWidget_Comment", 170935, NULL
"createWidget_EditList", 170956, "javascript_on"
"createWidget_EditList", 170956, "color"
"createWidget_Submit", 171578, NULL
"save", 171630, NULL
"changed", 171654, NULL
"save_option", 171689, "data_dir"
"save_option_noop", 172131, NULL
"create_optpage_element", 172142, NULL
"create_optmode_element", 172161, NULL
"create_hidden_element", 172180, NULL
"create_option_groups", 172220, NULL
"print_option_groups", 172576, "color"
"OptionSubmit", 172888, NULL
"replaceBlock", 172934, NULL
"parseEmail", 173058, "color"
"parseEmail", 173058, "Email_RegExp_Match"
"parseEmail", 173058, "compose_new_win"
"parseUrl", 173299, "url_parser_poss_ends"
"parseUrl", 173299, "url_parser_url_tokens"
"parseUrl", 173299, "MailTo_PReg_Match"
"sq_strpos_8bit", 173868, NULL
"abook_database", 174180, NULL
"open", 174338, NULL
"close", 174457, NULL
"get_field_name", 174483, NULL
"search", 174542, NULL
"lookup", 174849, NULL
"list_addr", 175048, NULL
"add", 175229, NULL
"remove", 175453, NULL
"modify", 175609, NULL
"elapsed", 175943, NULL
"printMessageInfo", 176024, "checkall"
"printMessageInfo", 176024, "preselected"
"printMessageInfo", 176024, "color"
"printMessageInfo", 176024, "msgs"
"printMessageInfo", 176024, "msort"
"printMessageInfo", 176024, "td_str"
"printMessageInfo", 176024, "msg"
"printMessageInfo", 176024, "default_use_priority"
"printMessageInfo", 176024, "message_highlight_list"
"printMessageInfo", 176024, "index_order"
"printMessageInfo", 176024, "indent_array"
"printMessageInfo", 176024, "pos"
"printMessageInfo", 176024, "thread_sort_messages"
"printMessageInfo", 176024, "server_sort_order"
"printMessageInfo", 176024, "row_count"
"printMessageInfo", 176024, "allow_server_sort"
"printMessageInfo", 176024, "truncate_subject"
"printMessageInfo", 176024, "truncate_sender"
"printMessageInfo", 176024, "internal_date_sort"
"getServerMessages", 177654, NULL
"getThreadMessages", 177774, NULL
"getServerSortMessages", 177821, NULL
"getSelfSortMessages", 177880, NULL
"showMessagesForMailbox", 178103, "msgs"
"showMessagesForMailbox", 178103, "msort"
"showMessagesForMailbox", 178103, "auto_expunge"
"showMessagesForMailbox", 178103, "thread_sort_messages"
"showMessagesForMailbox", 178103, "allow_server_sort"
"showMessagesForMailbox", 178103, "server_sort_order"
"calc_msort", 178830, "internal_date_sort"
"fillMessageArray", 179029, NULL
"displayMessageArray", 179065, "imapServerAddress"
"displayMessageArray", 179065, "use_mailbox_cache"
"displayMessageArray", 179065, "index_order"
"displayMessageArray", 179065, "indent_array"
"displayMessageArray", 179065, "thread_sort_messages"
"displayMessageArray", 179065, "allow_server_sort"
"displayMessageArray", 179065, "server_sort_order"
"displayMessageArray", 179065, "PHP_SELF"
"mail_message_listing_beginning", 179510, "color"
"mail_message_listing_beginning", 179510, "auto_expunge"
"mail_message_listing_beginning", 179510, "base_uri"
"mail_message_listing_beginning", 179510, "thread_sort_messages"
"mail_message_listing_beginning", 179510, "allow_thread_sort"
"mail_message_listing_beginning", 179510, "allow_server_sort"
"mail_message_listing_beginning", 179510, "server_sort_order"
"mail_message_listing_beginning", 179510, "PHP_SELF"
"mail_message_listing_end", 180067, NULL
"printHeader", 180167, "index_order"
"printHeader", 180167, "internal_date_sort"
"printHeader", 180167, "imap_server_type"
"ShowSortButton", 180520, "PHP_SELF"
"get_selectall_link", 180649, "checkall"
"get_selectall_link", 180649, "what"
"get_selectall_link", 180649, "where"
"get_selectall_link", 180649, "mailbox"
"get_selectall_link", 180649, "javascript_on"
"get_selectall_link", 180649, "PHP_SELF"
"get_selectall_link", 180649, "PG_SHOWNUM"
"get_msgcnt_str", 180940, NULL
"get_paginator_link", 181037, "PHP_SELF"
"get_paginator_str", 181088, "username"
"get_paginator_str", 181088, "data_dir"
"get_paginator_str", 181088, "use_mailbox_cache"
"get_paginator_str", 181088, "color"
"get_paginator_str", 181088, "PG_SHOWNUM"
"processSubject", 182300, "languages"
"processSubject", 182300, "squirrelmail_language"
"getMbxList", 182605, "lastTargetMailbox"
"getButton", 182639, NULL
"getSmallStringCell", 182675, NULL
"getEndMessage", 182706, NULL
"handleAsSent", 182793, "handleAsSent_result"
"sqimap_search", 182862, "message_highlight_list"
"sqimap_search", 182862, "squirrelmail_language"
"sqimap_search", 182862, "languages"
"sqimap_search", 182862, "index_order"
"sqimap_search", 182862, "pos"
"sqimap_search", 182862, "allow_charset_search"
"sqimap_search", 182862, "uid_support"
"sqimap_search", 182862, "imap_server_type"
"sqimap_search", 182862, "sent_folder"
"getGMTSeconds", 183579, NULL
"getDayName", 183863, NULL
"getDayAbrv", 183979, NULL
"getMonthName", 184095, NULL
"getMonthAbrv", 184276, NULL
"date_intl", 184457, NULL
"getLongDateString", 184598, "hour_format"
"getDateString", 184664, "invert_time"
"getDateString", 184664, "hour_format"
"getDateString", 184664, "show_full_date"
"getTimeStamp", 184875, NULL
"charset_decode_iso_8859_16", 185145, NULL
"charset_decode_iso_8859_6", 185490, NULL
"charset_decode_iso_8859_2", 185700, NULL
"charset_decode_iso_8859_1", 186045, NULL
"charset_decode_cp1254", 186120, NULL
"charset_decode_iso_8859_7", 186561, NULL
"charset_decode_iso_8859_15", 186888, NULL
"charset_decode_tis_620", 187233, NULL
"charset_decode_cp1252", 187578, NULL
"charset_decode_us_ascii", 188019, NULL
"charset_decode_iso_8859_4", 188084, NULL
"charset_decode_iso_8859_13", 188429, NULL
"charset_decode_iso_8859_5", 188774, NULL
"charset_decode_cp1258", 189119, NULL
"charset_decode_cp855", 189560, NULL
"charset_decode_cp1256", 190001, NULL
"charset_decode_cp1253", 190442, NULL
"charset_decode_iso_ir_111", 190883, NULL
"charset_decode_iso_8859_3", 191238, NULL
"charset_decode_iso_8859_10", 191562, NULL
"charset_decode_utf_8", 191907, "squirrelmail_language"
"charset_decode_iso_8859_14", 192010, NULL
"charset_decode_cp1250", 192355, NULL
"charset_decode_cp1257", 192796, NULL
"charset_decode_iso_8859_9", 193201, NULL
"charset_decode_iso_8859_8", 193546, NULL
"charset_decode_koi8_r", 193783, NULL
"charset_decode_cp1251", 194224, NULL
"charset_decode_koi8_u", 194665, NULL
"charset_decode_ns_4551_1", 195106, NULL
"charset_decode_cp866", 195131, NULL
"charset_decode_cp1255", 195572, NULL
"charset_decode_iso_8859_11", 196013, NULL
"abook_local_file", 196391, NULL
"open", 196633, NULL
"close", 196922, NULL
"lock", 196962, NULL
"unlock", 197017, NULL
"overwrite", 197038, NULL
"search", 197315, "color"
"lookup", 197593, "color"
"list_addr", 197768, "color"
"add", 197927, NULL
"remove", 198221, NULL
"modify", 198363, NULL
"quotevalue", 198768, NULL
"charset_encode_iso_8859_2", 198824, NULL
"unicodetoiso88592", 198862, NULL
"charset_encode_iso_8859_1", 199206, NULL
"unicodetoiso88591", 199244, NULL
"charset_encode_iso_8859_7", 199293, NULL
"unicodetoiso88597", 199331, NULL
"charset_encode_iso_8859_15", 199657, NULL
"unicodetoiso885915", 199695, NULL
"charset_encode_tis_620", 200039, NULL
"unicodetotis620", 200077, NULL
"charset_encode_us_ascii", 200394, NULL
"unicodetousascii", 200432, NULL
"charset_encode_cp1256", 200481, NULL
"unicodetocp1256", 200519, NULL
"charset_encode_utf_8", 200969, NULL
"unicodetoutf8", 201007, NULL
"charset_encode_iso_8859_9", 201776, NULL
"unicodetoiso88599", 201814, NULL
"charset_encode_koi8_r", 202158, NULL
"unicodetokoi8r", 202196, NULL
"charset_encode_cp1251", 202636, NULL
"unicodetocp1251", 202674, NULL
"charset_encode_koi8_u", 203111, NULL
"unicodetokoi8u", 203149, NULL
"charset_encode_cp1255", 203589, NULL
"unicodetocp1255", 203627, NULL
"sq_change_text_domain", 204019, "use_gettext"
"sq_bindtextdomain", 204121, "languages"
"sq_bindtextdomain", 204121, "sm_notAlias"
"sq_setlocale", 204216, NULL
"charset_decode", 204335, "languages"
"charset_decode", 204335, "squirrelmail_language"
"charset_decode", 204335, "default_charset"
"charset_decode", 204335, "aggressive_decoding"
"charset_encode", 204528, "default_charset"
"charset_convert", 204682, NULL
"fixcharset", 204737, NULL
"set_up_language", 204832, "use_gettext"
"set_up_language", 204832, "languages"
"set_up_language", 204832, "squirrelmail_language"
"set_up_language", 204832, "squirrelmail_default_language"
"set_up_language", 204832, "default_charset"
"set_up_language", 204832, "sm_notAlias"
"set_my_charset", 205368, "data_dir"
"set_my_charset", 205368, "username"
"set_my_charset", 205368, "default_charset"
"set_my_charset", 205368, "languages"
"set_my_charset", 205368, "squirrelmail_language"
"is_conversion_safe", 205469, "languages"
"is_conversion_safe", 205469, "sm_notAlias"
"is_conversion_safe", 205469, "default_charset"
"is_conversion_safe", 205469, "lossy_encoding"
"japanese_charset_xtra", 205737, NULL
"korean_charset_xtra", 206317, NULL
"_", 208645, NULL
"bindtextdomain", 208667, NULL
"textdomain", 208684, NULL
"gettext_php_load_strings", 208834, "squirrelmail_language"
"gettext_php_load_strings", 208834, "gettext_php_translateStrings"
"gettext_php_load_strings", 208834, "gettext_php_domain"
"gettext_php_load_strings", 208834, "gettext_php_dir"
"gettext_php_load_strings", 208834, "gettext_php_loaded"
"gettext_php_load_strings", 208834, "gettext_php_loaded_language"
"gettext_php_load_strings", 208834, "gettext_php_short_circuit"
"_", 209228, "gettext_php_loaded"
"_", 209228, "gettext_php_translateStrings"
"_", 209228, "squirrelmail_language"
"_", 209228, "gettext_php_loaded_language"
"_", 209228, "gettext_php_short_circuit"
"bindtextdomain", 209389, "gettext_php_domain"
"bindtextdomain", 209389, "gettext_php_dir"
"bindtextdomain", 209389, "gettext_php_loaded"
"textdomain", 209454, "gettext_php_domain"
"textdomain", 209454, "gettext_php_loaded"
"cachePrefValues", 209586, "prefs_are_cached"
"cachePrefValues", 209586, "prefs_cache"
"open", 209771, "prefs_dsn"
"open", 209771, "prefs_table"
"open", 209771, "prefs_user_field"
"open", 209771, "prefs_key_field"
"open", 209771, "prefs_val_field"
"failQuery", 209974, NULL
"getKey", 210034, "prefs_cache"
"deleteKey", 210164, "prefs_cache"
"setKey", 210276, NULL
"fillPrefsCache", 210748, "prefs_cache"
"getPref", 210870, NULL
"removePref", 210935, "prefs_cache"
"setPref", 211010, "prefs_cache"
"checkForPrefs", 211144, NULL
"setSig", 211179, NULL
"getSig", 211240, NULL
"getBcc", 211381, NULL
"send_mail", 211396, NULL
"mail", 211526, "imapConnection"
"mail", 211526, "username"
"mail", 211526, "key"
"mail", 211526, "imapServerAddress"
"mail", 211526, "imapPort"
"mail", 211526, "mailbox"
"send_mail", 211822, NULL
"writeBody", 211895, NULL
"writeBodyPart", 212219, "username"
"writeBodyPart", 212219, "attachment_dir"
"clean_crlf", 212759, NULL
"strip_crlf", 212814, NULL
"preWriteToStream", 212862, NULL
"writeToStream", 212877, NULL
"initStream", 212904, NULL
"getBCC", 212956, NULL
"prepareMIME_Header", 212971, "username"
"prepareMIME_Header", 212971, "attachment_dir"
"prepareRFC822_Header", 213457, "domain"
"prepareRFC822_Header", 213457, "version"
"prepareRFC822_Header", 213457, "username"
"prepareRFC822_Header", 213457, "encode_header_key"
"prepareRFC822_Header", 213457, "hide_auth_header"
"foldLine", 214821, NULL
"mimeBoundary", 215406, NULL
"timezone", 215455, "invert_time"
"timezone", 215455, "show_timezone_name"
"calculate_references", 215598, NULL
"ip2hex", 215737, NULL
"Deliver_SendMail", 216177, NULL
"preWriteToStream", 216223, NULL
"initStream", 216254, NULL
"finalizeStream", 216400, NULL
"getBcc", 216481, NULL
"clean_crlf", 216496, NULL
"preWriteToStream", 216580, NULL
"initStream", 216626, "use_smtp_tls"
"initStream", 216626, "smtp_auth_mech"
"finalizeStream", 217957, NULL
"errorCheck", 218026, NULL
"authPop", 218425, NULL
"html", 218666, NULL
"htmlAdd", 218754, NULL
"AddChild", 218826, NULL
"FindId", 218893, NULL
"InsToId", 219018, NULL
"scriptAdd", 219067, NULL
"echoHtml", 219126, NULL
"create_vcard", 219564, NULL
"parse_vcard", 219582, NULL
"setEnt", 219707, NULL
"addEntity", 219729, NULL
"getFilename", 219753, NULL
"addRFC822Header", 220026, NULL
"getEntity", 220060, NULL
"setBody", 220357, NULL
"clean_up", 220379, NULL
"getMailbox", 220415, NULL
"parseStructure", 220453, NULL
"setEntIds", 220508, NULL
"parseBodyStructure", 220733, NULL
"parseProperties", 221919, NULL
"parseEnvelope", 222065, NULL
"parseLiteral", 222611, NULL
"parseQuote", 222720, NULL
"parseAddress", 222986, NULL
"parseDisposition", 223183, NULL
"parseLanguage", 223337, NULL
"parseParenthesis", 223491, NULL
"parseMessage", 223585, NULL
"findDisplayEntity", 224016, NULL
"findAlternativeEntity", 224613, NULL
"findRelatedEntity", 224749, NULL
"getAttachments", 224863, NULL
"initAttachment", 225021, NULL
"purgeAttachments", 225169, "username"
"purgeAttachments", 225169, "attachment_dir"
"parseHeader", 225390, NULL
"stripComments", 225558, NULL
"parseField", 225742, NULL
"getAddressTokens", 226405, NULL
"createAddressObject", 227227, NULL
"parseAddress", 227467, NULL
"parsePriority", 228146, NULL
"parseContentType", 228229, NULL
"processParameters", 228364, NULL
"parseProperties", 228585, NULL
"parseDisposition", 228726, NULL
"mlist", 228836, NULL
"parseSpamStatus", 228951, NULL
"getAddr_s", 229126, NULL
"getAddr_a", 229355, NULL
"findAddress", 229601, NULL
"getContentType", 229993, NULL
"getAddress", 230069, NULL
"getEncodedAddress", 230298, NULL
"setVar", 230391, NULL
"getParameter", 230418, NULL
"setParameter", 230460, NULL
"Language", 230505, NULL
"ContentType", 230557, NULL
"Disposition", 230655, NULL
"getProperty", 230683, NULL
"korean_xtra_downloadfilename", 230897, NULL
"japanese_xtra_decode", 231911, NULL
"japanese_xtra_encode", 231981, NULL
"japanese_xtra_encodeheader", 232051, NULL
"japanese_xtra_decodeheader", 232098, NULL
"japanese_xtra_downloadfilename", 232162, NULL
"japanese_xtra_wordwrap", 232239, NULL
"japanese_xtra_utf7_imap_encode", 232494, NULL
"japanese_xtra_utf7_imap_decode", 232527, NULL
"japanese_xtra_strimwidth", 232560, NULL
